{"info":{"year":"2023","version":"5","description":"Exported from roboflow.ai","contributor":"","url":"https://public.roboflow.ai/object-detection/undefined","date_created":"2023-02-06T04:42:57+00:00"},"licenses":[{"id":1,"url":"https://creativecommons.org/licenses/by/4.0/","name":"CC BY 4.0"}],"categories":[{"id":0,"name":"Dog-ringworm","supercategory":"none"},{"id":1,"name":"Dog-ringworm","supercategory":"Dog-ringworm"}],"images":[{"id":0,"license":1,"file_name":"IMG_101134_jpg.rf.ebed0d70dbbedc7fa84bce626d5875f0.jpg","height":224,"width":224,"date_captured":"2023-02-06T04:42:57+00:00"},{"id":1,"license":1,"file_name":"ringworm-in-2-placesa_jpg.rf.efeb6e0653f9b227a55315bf2557fc88.jpg","height":224,"width":224,"date_captured":"2023-02-06T04:42:57+00:00"},{"id":2,"license":1,"file_name":"rfhfyu_jpg.rf.eb02a4ac915c95d7b602fa8a6c78f417.jpg","height":224,"width":224,"date_captured":"2023-02-06T04:42:57+00:00"},{"id":3,"license":1,"file_name":"IMG_1342_JPG.rf.e802539afc5ba3461c9d5cf39d771e86.jpg","height":224,"width":224,"date_captured":"2023-02-06T04:42:57+00:00"},{"id":4,"license":1,"file_name":"IMG_1295_JPG.rf.f75b85570ac8114d6bf1da45a5c29fdd.jpg","height":224,"width":224,"date_captured":"2023-02-06T04:42:57+00:00"},{"id":5,"license":1,"file_name":"ringwormr_jpg.rf.f987a652fc4c691888bb72d0123053c1.jpg","height":224,"width":224,"date_captured":"2023-02-06T04:42:57+00:00"},{"id":6,"license":1,"file_name":"spot3_jpg.rf.ed50adf9588a26a16f07361612008c99.jpg","height":224,"width":224,"date_captured":"2023-02-06T04:42:57+00:00"},{"id":7,"license":1,"file_name":"IMG_1307_JPG.rf.f7ba4a9d7130e21b7ec75b2aacb1eb33.jpg","height":224,"width":224,"date_captured":"2023-02-06T04:42:57+00:00"},{"id":8,"license":1,"file_name":"jfkifj_jpg.rf.ffeb93dbc4c07a6f563485e87a66ad89.jpg","height":224,"width":224,"date_captured":"2023-02-06T04:42:57+00:00"},{"id":9,"license":1,"file_name":"ring-worm-lesion-dog-260nw-1777400165_jpg.rf.e4027781e6895a2e759c23a49dc89675.jpg","height":224,"width":224,"date_captured":"2023-02-06T04:42:57+00:00"},{"id":10,"license":1,"file_name":"IMG_1281_JPG.rf.e27544906a9453cc49853d11f9f908ab.jpg","height":224,"width":224,"date_captured":"2023-02-06T04:42:57+00:00"},{"id":11,"license":1,"file_name":"IMG_1002_JPG.rf.f5f8055a6326d8f5e1df11546582c2f8.jpg","height":224,"width":224,"date_captured":"2023-02-06T04:42:57+00:00"},{"id":12,"license":1,"file_name":"IMG_1019_JPG.rf.e3db3bf0f2cfc693d1de34a78801cff5.jpg","height":224,"width":224,"date_captured":"2023-02-06T04:42:57+00:00"},{"id":13,"license":1,"file_name":"IMG_1319_JPG.rf.eac7803b45feee09805661898cd1762c.jpg","height":224,"width":224,"date_captured":"2023-02-06T04:42:57+00:00"},{"id":14,"license":1,"file_name":"spot3q_jpg.rf.fdfbd3fae522d94a1feb7ce4be8bd979.jpg","height":224,"width":224,"date_captured":"2023-02-06T04:42:57+00:00"},{"id":15,"license":1,"file_name":"IMG_09934_jpg.rf.e54f25171ba08aa21aa785ac61fbda61.jpg","height":224,"width":224,"date_captured":"2023-02-06T04:42:57+00:00"},{"id":16,"license":1,"file_name":"ringworm-skinw_jpg.rf.e226161f361499618a4b930769467c3b.jpg","height":224,"width":224,"date_captured":"2023-02-06T04:42:57+00:00"},{"id":17,"license":1,"file_name":"ring-worm-lesion-dog-260nw-1777400165_jpg.rf.e983a0961ad94de4c8e8acefe67aa3c7.jpg","height":224,"width":224,"date_captured":"2023-02-06T04:42:57+00:00"},{"id":18,"license":1,"file_name":"IMG_1342_JPG.rf.f7281c323d3252f0b50fdb4fef438fcf.jpg","height":224,"width":224,"date_captured":"2023-02-06T04:42:57+00:00"},{"id":19,"license":1,"file_name":"IMG_1010_JPG.rf.e9db5ad9e2152c3ba7120fc8cf17f52d.jpg","height":224,"width":224,"date_captured":"2023-02-06T04:42:57+00:00"},{"id":20,"license":1,"file_name":"IMG_1242_JPG.rf.f6765480b5d473e9eb5fd96ef41d7330.jpg","height":224,"width":224,"date_captured":"2023-02-06T04:42:57+00:00"},{"id":21,"license":1,"file_name":"IMG_1281_JPG.rf.fd677e7936ccb1c05ce33a1ec76462e9.jpg","height":224,"width":224,"date_captured":"2023-02-06T04:42:57+00:00"},{"id":22,"license":1,"file_name":"IMG_1329_JPG.rf.f15140c6fb5f13eb1edd4d73701282d1.jpg","height":224,"width":224,"date_captured":"2023-02-06T04:42:57+00:00"},{"id":23,"license":1,"file_name":"IMG_1007e_jpg.rf.ed744d2b6c246ee5b3391352804a62e2.jpg","height":224,"width":224,"date_captured":"2023-02-06T04:42:57+00:00"},{"id":24,"license":1,"file_name":"rhumb-facea_jpg.rf.df66735310500ce74104bf5c89a0ed2b.jpg","height":224,"width":224,"date_captured":"2023-02-06T04:42:57+00:00"},{"id":25,"license":1,"file_name":"ringworm-in-2-places_jpg.rf.010e62860b086d43f781700e229ce701.jpg","height":224,"width":224,"date_captured":"2023-02-06T04:42:57+00:00"},{"id":26,"license":1,"file_name":"rfhfyu_jpg.rf.0056b0cab38f367790ddbcec0f2dcdc4.jpg","height":224,"width":224,"date_captured":"2023-02-06T04:42:57+00:00"},{"id":27,"license":1,"file_name":"IMG_1007e_jpg.rf.0390c420946c37b2171a22e099632de8.jpg","height":224,"width":224,"date_captured":"2023-02-06T04:42:57+00:00"},{"id":28,"license":1,"file_name":"IMG_101134_jpg.rf.0398c8df76ad4536069333f4b0361a8c.jpg","height":224,"width":224,"date_captured":"2023-02-06T04:42:57+00:00"},{"id":29,"license":1,"file_name":"IMG_1295_JPG.rf.0ae21fde0afbc755c2573e2b11246cb9.jpg","height":224,"width":224,"date_captured":"2023-02-06T04:42:57+00:00"},{"id":30,"license":1,"file_name":"IMG_1285_JPG.rf.0956905a7223f2715209c25c0d174a27.jpg","height":224,"width":224,"date_captured":"2023-02-06T04:42:57+00:00"},{"id":31,"license":1,"file_name":"IMG_1346_JPG.rf.0dba93b67aa899a4a28c298e2103b9e5.jpg","height":224,"width":224,"date_captured":"2023-02-06T04:42:57+00:00"},{"id":32,"license":1,"file_name":"IMG_101134_jpg.rf.079f29b828f62c4cf137b37e26560c08.jpg","height":224,"width":224,"date_captured":"2023-02-06T04:42:57+00:00"},{"id":33,"license":1,"file_name":"ringworms_jpg.rf.0922a6b705729dfe079284db28427f55.jpg","height":224,"width":224,"date_captured":"2023-02-06T04:42:57+00:00"},{"id":34,"license":1,"file_name":"IMG_1029_JPG.rf.0a9235cfa7b788e06858535fe1d76ee7.jpg","height":224,"width":224,"date_captured":"2023-02-06T04:42:57+00:00"},{"id":35,"license":1,"file_name":"IMG_1281_JPG.rf.19cb9fed5a46481d516b366d3f9455a3.jpg","height":224,"width":224,"date_captured":"2023-02-06T04:42:57+00:00"},{"id":36,"license":1,"file_name":"ringworm_jpg.rf.0e0524f22b759ab7ff5cdc5ba2327821.jpg","height":224,"width":224,"date_captured":"2023-02-06T04:42:57+00:00"},{"id":37,"license":1,"file_name":"spot3a_jpg.rf.08e5cd6d2004d0c772753e66466a356b.jpg","height":224,"width":224,"date_captured":"2023-02-06T04:42:57+00:00"},{"id":38,"license":1,"file_name":"IMG_1017_JPG.rf.11236d4e647565a44ff1ceb50a8c28c3.jpg","height":224,"width":224,"date_captured":"2023-02-06T04:42:57+00:00"},{"id":39,"license":1,"file_name":"IMG_0996_JPG.rf.0991666dee44be9826c820265df38c00.jpg","height":224,"width":224,"date_captured":"2023-02-06T04:42:57+00:00"},{"id":40,"license":1,"file_name":"IMG_09934_jpg.rf.06bea4ef9c55d9b40e658c5b07bfff97.jpg","height":224,"width":224,"date_captured":"2023-02-06T04:42:57+00:00"},{"id":41,"license":1,"file_name":"ringworm-in-2-placesa_jpg.rf.0abfbc7922b1ff21e875d445a8169a16.jpg","height":224,"width":224,"date_captured":"2023-02-06T04:42:57+00:00"},{"id":42,"license":1,"file_name":"IMG_10093_jpg.rf.13e4c149d73c07ad168c720a4b3b3045.jpg","height":224,"width":224,"date_captured":"2023-02-06T04:42:57+00:00"},{"id":43,"license":1,"file_name":"ringwormr_jpg.rf.143018f4117533c755689b69bad60a5c.jpg","height":224,"width":224,"date_captured":"2023-02-06T04:42:57+00:00"},{"id":44,"license":1,"file_name":"IMG_0998_JPG.rf.0c4c4db398cd0137dbaefa0dd0d58fc0.jpg","height":224,"width":224,"date_captured":"2023-02-06T04:42:57+00:00"},{"id":45,"license":1,"file_name":"IMG_099_jpg.rf.2466584cdc5a0fcd5c71e4aec851d99a.jpg","height":224,"width":224,"date_captured":"2023-02-06T04:42:57+00:00"},{"id":46,"license":1,"file_name":"ringworma_jpg.rf.255eed272ac3e713722e1e4c5bfb02cc.jpg","height":224,"width":224,"date_captured":"2023-02-06T04:42:57+00:00"},{"id":47,"license":1,"file_name":"IMG_1242_JPG.rf.23a4e5a0f8d1e168e414a5886891f014.jpg","height":224,"width":224,"date_captured":"2023-02-06T04:42:57+00:00"},{"id":48,"license":1,"file_name":"IMG_1336_JPG.rf.29c9629d5dcdf31ef3d8cb422c80c145.jpg","height":224,"width":224,"date_captured":"2023-02-06T04:42:57+00:00"},{"id":49,"license":1,"file_name":"sick-dog-inflammation-itching-swelling-260nw-1099340411qw_jpg.rf.14cafdf6139fccb8a2edbd97eb5265fb.jpg","height":224,"width":224,"date_captured":"2023-02-06T04:42:57+00:00"},{"id":50,"license":1,"file_name":"IMG_0996_JPG.rf.18fa48b1f97608b3ce26177752ffab6b.jpg","height":224,"width":224,"date_captured":"2023-02-06T04:42:57+00:00"},{"id":51,"license":1,"file_name":"IMG_1337_JPG.rf.20689aa1a277d52de8b5dca5f7f8428f.jpg","height":224,"width":224,"date_captured":"2023-02-06T04:42:57+00:00"},{"id":52,"license":1,"file_name":"IMG_1226_JPG.rf.25760aa73a4dcc79229e16fd8d6a3146.jpg","height":224,"width":224,"date_captured":"2023-02-06T04:42:57+00:00"},{"id":53,"license":1,"file_name":"IMG_1008_JPG.rf.1d3707c7deef10f83017c7c4fdf7c0dd.jpg","height":224,"width":224,"date_captured":"2023-02-06T04:42:57+00:00"},{"id":54,"license":1,"file_name":"ringworm-in-2-places_jpg.rf.1899de12d857557a72965acc5bb4750f.jpg","height":224,"width":224,"date_captured":"2023-02-06T04:42:57+00:00"},{"id":55,"license":1,"file_name":"IMG_1024_JPG.rf.2a0171c86f6fa2c0451d3b988fcfd282.jpg","height":224,"width":224,"date_captured":"2023-02-06T04:42:57+00:00"},{"id":56,"license":1,"file_name":"IMG_1002_JPG.rf.311c7142aa9f80e19ed85027e505d4e3.jpg","height":224,"width":224,"date_captured":"2023-02-06T04:42:57+00:00"},{"id":57,"license":1,"file_name":"IMG_1315_JPG.rf.2765f9294fbbe1c507ef5db2c34b0351.jpg","height":224,"width":224,"date_captured":"2023-02-06T04:42:57+00:00"},{"id":58,"license":1,"file_name":"IMG_1346_JPG.rf.19d5569a392f12a66e3b7cda4253313e.jpg","height":224,"width":224,"date_captured":"2023-02-06T04:42:57+00:00"},{"id":59,"license":1,"file_name":"IMG_1258_JPG.rf.2d1cf0f9fbca45f2c9a3b118775933d2.jpg","height":224,"width":224,"date_captured":"2023-02-06T04:42:57+00:00"},{"id":60,"license":1,"file_name":"IMG_1254_JPG.rf.28606e6b5deb8c8586461bf15506d959.jpg","height":224,"width":224,"date_captured":"2023-02-06T04:42:57+00:00"},{"id":61,"license":1,"file_name":"IMG_1337_JPG.rf.313f1c9f1d75d7c71469e0200e785467.jpg","height":224,"width":224,"date_captured":"2023-02-06T04:42:57+00:00"},{"id":62,"license":1,"file_name":"IMG_1022q_jpg.rf.208a69333207131582905d05245fdfb3.jpg","height":224,"width":224,"date_captured":"2023-02-06T04:42:57+00:00"},{"id":63,"license":1,"file_name":"IMG_099_jpg.rf.4170658ccfaf0e4448a0099b9a565fc6.jpg","height":224,"width":224,"date_captured":"2023-02-06T04:42:57+00:00"},{"id":64,"license":1,"file_name":"ringworm-skin_jpg.rf.3b9f767e1811d9210d462555203720de.jpg","height":224,"width":224,"date_captured":"2023-02-06T04:42:57+00:00"},{"id":65,"license":1,"file_name":"IMG_1322_JPG.rf.3fa3134a02693def7156d5b36634e6f3.jpg","height":224,"width":224,"date_captured":"2023-02-06T04:42:57+00:00"},{"id":66,"license":1,"file_name":"IMG_099_jpg.rf.37b422ab06d2bdacb899f2320d3796e0.jpg","height":224,"width":224,"date_captured":"2023-02-06T04:42:57+00:00"},{"id":67,"license":1,"file_name":"ringworm-skina_jpg.rf.35149b057cf9a3669cbc3faf0f6e8086.jpg","height":224,"width":224,"date_captured":"2023-02-06T04:42:57+00:00"},{"id":68,"license":1,"file_name":"IMG_1350--9-_JPG.rf.29e05d30e4c896016d78ed10e6cfe5d9.jpg","height":224,"width":224,"date_captured":"2023-02-06T04:42:57+00:00"},{"id":69,"license":1,"file_name":"IMG_0996_JPG.rf.3703409d3a559f755765f3ddd2917253.jpg","height":224,"width":224,"date_captured":"2023-02-06T04:42:57+00:00"},{"id":70,"license":1,"file_name":"IMG_1017_JPG.rf.3aca8e274954b76e0703ca9b679c6d5b.jpg","height":224,"width":224,"date_captured":"2023-02-06T04:42:57+00:00"},{"id":71,"license":1,"file_name":"IMG_099734_jpg.rf.38b3d8655abb4d14c6a8a1066385347e.jpg","height":224,"width":224,"date_captured":"2023-02-06T04:42:57+00:00"},{"id":72,"license":1,"file_name":"ringworm-skin_jpg.rf.47537b4f29ee6bf95035bd75b4a2c5a2.jpg","height":224,"width":224,"date_captured":"2023-02-06T04:42:57+00:00"},{"id":73,"license":1,"file_name":"vjzg3RJ4BxVPHHdlodWLAqor94WaVsbZoQ5zf5HHLFIq_jpg.rf.4672753734a04509f2fe78fc9a75abf6.jpg","height":224,"width":224,"date_captured":"2023-02-06T04:42:57+00:00"},{"id":74,"license":1,"file_name":"ringworm_jpg.rf.3d75d688406a75e6bb24e0f2329c9160.jpg","height":224,"width":224,"date_captured":"2023-02-06T04:42:57+00:00"},{"id":75,"license":1,"file_name":"IMG_1321_JPG.rf.42ccacd74d1b298a4da16ed812a3c5fa.jpg","height":224,"width":224,"date_captured":"2023-02-06T04:42:57+00:00"},{"id":76,"license":1,"file_name":"IMG_1008_JPG.rf.315b6d1a481c2a3442ee5b781bebd431.jpg","height":224,"width":224,"date_captured":"2023-02-06T04:42:57+00:00"},{"id":77,"license":1,"file_name":"spot3a_jpg.rf.2ea90499175c3ba2f7e7ffcffc907b02.jpg","height":224,"width":224,"date_captured":"2023-02-06T04:42:57+00:00"},{"id":78,"license":1,"file_name":"IMG_1009_JPG.rf.203f6579ce81c56ae4c8dcd7cbaabd3b.jpg","height":224,"width":224,"date_captured":"2023-02-06T04:42:57+00:00"},{"id":79,"license":1,"file_name":"IMG_1291_JPG.rf.2c5ec7416bfb4a1fc4cbe18eb19c5a00.jpg","height":224,"width":224,"date_captured":"2023-02-06T04:42:57+00:00"},{"id":80,"license":1,"file_name":"IMG_1329_JPG.rf.3c0783bde775625fa572960db59a877a.jpg","height":224,"width":224,"date_captured":"2023-02-06T04:42:57+00:00"},{"id":81,"license":1,"file_name":"spot3_jpg.rf.49dc0b018958e4695f57ce32936d81be.jpg","height":224,"width":224,"date_captured":"2023-02-06T04:42:57+00:00"},{"id":82,"license":1,"file_name":"IMG_1011_JPG.rf.48fdc40670e6c9e5d3c34ab9c7496146.jpg","height":224,"width":224,"date_captured":"2023-02-06T04:42:57+00:00"},{"id":83,"license":1,"file_name":"jfkifj_jpg.rf.5376a87224d0f389dc384d65bba44d4c.jpg","height":224,"width":224,"date_captured":"2023-02-06T04:42:57+00:00"},{"id":84,"license":1,"file_name":"IMG_1282_JPG.rf.475bc427e2d3b6ff4cdfdd5e755b6fac.jpg","height":224,"width":224,"date_captured":"2023-02-06T04:42:57+00:00"},{"id":85,"license":1,"file_name":"IMG_1011_JPG.rf.4afc23af66a1cbb5e92b261a8d82fb48.jpg","height":224,"width":224,"date_captured":"2023-02-06T04:42:57+00:00"},{"id":86,"license":1,"file_name":"IMG_1005454_jpg.rf.508e982046e04eb2c7cd00a6bc3e2c1c.jpg","height":224,"width":224,"date_captured":"2023-02-06T04:42:57+00:00"},{"id":87,"license":1,"file_name":"00c178a207df75148d0925bafa570632718a934f_jpg.rf.4e45bb512588f97bd2bda52f828d2693.jpg","height":224,"width":224,"date_captured":"2023-02-06T04:42:57+00:00"},{"id":88,"license":1,"file_name":"IMG_10013658_jpg.rf.4cff0581dd0b3e0b84bf00b8d7f6aa54.jpg","height":224,"width":224,"date_captured":"2023-02-06T04:42:57+00:00"},{"id":89,"license":1,"file_name":"IMG_1223_JPG.rf.4f855351223338367aefdfb65adfb67a.jpg","height":224,"width":224,"date_captured":"2023-02-06T04:42:57+00:00"},{"id":90,"license":1,"file_name":"ringworm-skina_jpg.rf.2573981afe19cb113d7f3f7f890b91c2.jpg","height":224,"width":224,"date_captured":"2023-02-06T04:42:57+00:00"},{"id":91,"license":1,"file_name":"IMG_1010_JPG.rf.5ed0798693b7d6397bdeb6d4554f907c.jpg","height":224,"width":224,"date_captured":"2023-02-06T04:42:57+00:00"},{"id":92,"license":1,"file_name":"IMG_1291_JPG.rf.5a0ada13f4d38363ed6fdc7fbba4a651.jpg","height":224,"width":224,"date_captured":"2023-02-06T04:42:57+00:00"},{"id":93,"license":1,"file_name":"IMG_1342_JPG.rf.32a7f3c6e696c587990697811ad4095e.jpg","height":224,"width":224,"date_captured":"2023-02-06T04:42:57+00:00"},{"id":94,"license":1,"file_name":"ringworma_jpg.rf.4b59d0677b0cf7f91c1931bb4135bce4.jpg","height":224,"width":224,"date_captured":"2023-02-06T04:42:57+00:00"},{"id":95,"license":1,"file_name":"IMG_1284_JPG.rf.4fdc0551ca772767f521520b96eae0a1.jpg","height":224,"width":224,"date_captured":"2023-02-06T04:42:57+00:00"},{"id":96,"license":1,"file_name":"IMG_1011_JPG.rf.4a07955041e02039243291fe6baa1fd8.jpg","height":224,"width":224,"date_captured":"2023-02-06T04:42:57+00:00"},{"id":97,"license":1,"file_name":"ringworm_jpg.rf.5f8843a99863e4939750ade5087f4604.jpg","height":224,"width":224,"date_captured":"2023-02-06T04:42:57+00:00"},{"id":98,"license":1,"file_name":"rhumb-facea_jpg.rf.4a20fe231c1bd99f44a4b3c9a8977cf4.jpg","height":224,"width":224,"date_captured":"2023-02-06T04:42:57+00:00"},{"id":99,"license":1,"file_name":"ringworm-skinw_jpg.rf.511739639b05e03861426bc4d0815888.jpg","height":224,"width":224,"date_captured":"2023-02-06T04:42:57+00:00"},{"id":100,"license":1,"file_name":"IMG_1022q_jpg.rf.5712145fda85e69ed53c09eeaf72ed0a.jpg","height":224,"width":224,"date_captured":"2023-02-06T04:42:57+00:00"},{"id":101,"license":1,"file_name":"IMG_1031a_jpg.rf.59f1210f0f533865cf61781e7a8ae6a0.jpg","height":224,"width":224,"date_captured":"2023-02-06T04:42:57+00:00"},{"id":102,"license":1,"file_name":"IMG_1315_JPG.rf.559377081a6a3e5d3bb979340cda17ea.jpg","height":224,"width":224,"date_captured":"2023-02-06T04:42:57+00:00"},{"id":103,"license":1,"file_name":"ringworms_jpg.rf.5026b84303c52bd99be11842eb514728.jpg","height":224,"width":224,"date_captured":"2023-02-06T04:42:57+00:00"},{"id":104,"license":1,"file_name":"IMG_1282_JPG.rf.65528f68b5750f4a71b27d1e2900384b.jpg","height":224,"width":224,"date_captured":"2023-02-06T04:42:57+00:00"},{"id":105,"license":1,"file_name":"IMG_1321_JPG.rf.60f34e6335e502dcdb5f388bfb713a50.jpg","height":224,"width":224,"date_captured":"2023-02-06T04:42:57+00:00"},{"id":106,"license":1,"file_name":"rhumb-face_jpg.rf.662f3e6770a29b57afb690bbb5f81c56.jpg","height":224,"width":224,"date_captured":"2023-02-06T04:42:57+00:00"},{"id":107,"license":1,"file_name":"IMG_09971325_jpg.rf.6ae8e4ebc447b0bd8a3341f54a5992e7.jpg","height":224,"width":224,"date_captured":"2023-02-06T04:42:57+00:00"},{"id":108,"license":1,"file_name":"IMG_1024_JPG.rf.630e28898e034f547d1b70ad72099a27.jpg","height":224,"width":224,"date_captured":"2023-02-06T04:42:57+00:00"},{"id":109,"license":1,"file_name":"IMG_10093_jpg.rf.659d6d60b8cc025dee7190899b9806ff.jpg","height":224,"width":224,"date_captured":"2023-02-06T04:42:57+00:00"},{"id":110,"license":1,"file_name":"IMG_1022_JPG.rf.5c6a83db5f7742fbe28a5b6a23d5abaf.jpg","height":224,"width":224,"date_captured":"2023-02-06T04:42:57+00:00"},{"id":111,"license":1,"file_name":"IMG_1254_JPG.rf.6d67e47704d59a16a2b9fd51106de43e.jpg","height":224,"width":224,"date_captured":"2023-02-06T04:42:57+00:00"},{"id":112,"license":1,"file_name":"IMG_1031a_jpg.rf.73e72c44557d5487607a61a6fa3351c1.jpg","height":224,"width":224,"date_captured":"2023-02-06T04:42:57+00:00"},{"id":113,"license":1,"file_name":"7_jpg.rf.747c7262f867d3714591a93b1207472c.jpg","height":224,"width":224,"date_captured":"2023-02-06T04:42:57+00:00"},{"id":114,"license":1,"file_name":"IMG_1022w_jpg.rf.6c3590ea108ddeaf4d8a091ed9e7cf66.jpg","height":224,"width":224,"date_captured":"2023-02-06T04:42:57+00:00"},{"id":115,"license":1,"file_name":"IMG_1008_JPG.rf.7146d50000f7847b6875aaf05e5bb293.jpg","height":224,"width":224,"date_captured":"2023-02-06T04:42:57+00:00"},{"id":116,"license":1,"file_name":"sick-dog-inflammation-itching-swelling-260nw-1099340411qw_jpg.rf.748e7f553b5b4f1d046421aa4e1a30f3.jpg","height":224,"width":224,"date_captured":"2023-02-06T04:42:57+00:00"},{"id":117,"license":1,"file_name":"IMG_1017_JPG.rf.7a801c6f7d91225bdeb8c18362ea5f5a.jpg","height":224,"width":224,"date_captured":"2023-02-06T04:42:57+00:00"},{"id":118,"license":1,"file_name":"IMG_1307_JPG.rf.6fdacb10ab18b0ae5c38251bf3b4475f.jpg","height":224,"width":224,"date_captured":"2023-02-06T04:42:57+00:00"},{"id":119,"license":1,"file_name":"vjzg3RJ4BxVPHHdlodWLAqor94WaVsbZoQ5zf5HHLFIa_jpg.rf.7e68d4c9795658d99b53c14b044851fb.jpg","height":224,"width":224,"date_captured":"2023-02-06T04:42:57+00:00"},{"id":120,"license":1,"file_name":"IMG_1029_JPG.rf.567179592f4197d0c1b43f8ae89c17dc.jpg","height":224,"width":224,"date_captured":"2023-02-06T04:42:57+00:00"},{"id":121,"license":1,"file_name":"IMG_1009_JPG.rf.794a0e16293099c9df929d881f9acd34.jpg","height":224,"width":224,"date_captured":"2023-02-06T04:42:57+00:00"},{"id":122,"license":1,"file_name":"IMG_10093_jpg.rf.8170dcd85b9d50f087f0f66b4763b361.jpg","height":224,"width":224,"date_captured":"2023-02-06T04:42:57+00:00"},{"id":123,"license":1,"file_name":"IMG_1307_JPG.rf.7106440e819b718f9805d6f619a3bae7.jpg","height":224,"width":224,"date_captured":"2023-02-06T04:42:57+00:00"},{"id":124,"license":1,"file_name":"IMG_10013658_jpg.rf.7ed01fb8b8289ef04c35d43d4e7d32b6.jpg","height":224,"width":224,"date_captured":"2023-02-06T04:42:57+00:00"},{"id":125,"license":1,"file_name":"IMG_1223_JPG.rf.71378bace89275c2997f36fe73a8c357.jpg","height":224,"width":224,"date_captured":"2023-02-06T04:42:57+00:00"},{"id":126,"license":1,"file_name":"IMG_1226_JPG.rf.6ebe7e8b667487fce8e50d1e9622ca68.jpg","height":224,"width":224,"date_captured":"2023-02-06T04:42:57+00:00"},{"id":127,"license":1,"file_name":"IMG_10013658_jpg.rf.66c8722bd79021c48bb52d613a57091a.jpg","height":224,"width":224,"date_captured":"2023-02-06T04:42:57+00:00"},{"id":128,"license":1,"file_name":"IMG_1019_JPG.rf.857bc940207990d060b91a29bf16bbb8.jpg","height":224,"width":224,"date_captured":"2023-02-06T04:42:57+00:00"},{"id":129,"license":1,"file_name":"rhumb-facert_jpg.rf.85d990b5baae1a227c788e7e2e1b13da.jpg","height":224,"width":224,"date_captured":"2023-02-06T04:42:57+00:00"},{"id":130,"license":1,"file_name":"IMG_1024_JPG.rf.7e903facd26b33cd8d0bc8036227e834.jpg","height":224,"width":224,"date_captured":"2023-02-06T04:42:57+00:00"},{"id":131,"license":1,"file_name":"00c178a207df75148d0925bafa570632718a934f_jpg.rf.6b90401301bf82ac75222cea91147090.jpg","height":224,"width":224,"date_captured":"2023-02-06T04:42:57+00:00"},{"id":132,"license":1,"file_name":"ringworma_jpg.rf.7bf1a304074485154330df764fc1e35f.jpg","height":224,"width":224,"date_captured":"2023-02-06T04:42:57+00:00"},{"id":133,"license":1,"file_name":"IMG_1295_JPG.rf.919662f26cb545d91ce20ef595cf721f.jpg","height":224,"width":224,"date_captured":"2023-02-06T04:42:57+00:00"},{"id":134,"license":1,"file_name":"IMG_1354--13-_JPG.rf.83eb4bcbe40b2612c94bc458bcc64259.jpg","height":224,"width":224,"date_captured":"2023-02-06T04:42:57+00:00"},{"id":135,"license":1,"file_name":"rhumb-facea_jpg.rf.80f63be17b047d84cb49beb1f9b56c14.jpg","height":224,"width":224,"date_captured":"2023-02-06T04:42:57+00:00"},{"id":136,"license":1,"file_name":"ringworms_jpg.rf.900869a8e0681027859a6fae84bbfef6.jpg","height":224,"width":224,"date_captured":"2023-02-06T04:42:57+00:00"},{"id":137,"license":1,"file_name":"IMG_1319_JPG.rf.8aa15468476eb1f1d05c06a9c55818af.jpg","height":224,"width":224,"date_captured":"2023-02-06T04:42:57+00:00"},{"id":138,"license":1,"file_name":"IMG_1002_JPG.rf.8cf17c365899505943c496041cbe975e.jpg","height":224,"width":224,"date_captured":"2023-02-06T04:42:57+00:00"},{"id":139,"license":1,"file_name":"IMG_099824_jpg.rf.84c13e518dd037ab8757d05a8549ec3a.jpg","height":224,"width":224,"date_captured":"2023-02-06T04:42:57+00:00"},{"id":140,"license":1,"file_name":"IMG_1024t_jpg.rf.8a996d2f5ef625e394e0c2a0dacaec2b.jpg","height":224,"width":224,"date_captured":"2023-02-06T04:42:57+00:00"},{"id":141,"license":1,"file_name":"IMG_1284_JPG.rf.91ac17297e6ffb5b4ac99ae032fd7f46.jpg","height":224,"width":224,"date_captured":"2023-02-06T04:42:57+00:00"},{"id":142,"license":1,"file_name":"IMG_09971325_jpg.rf.89d964312cf394a9f7120df358459653.jpg","height":224,"width":224,"date_captured":"2023-02-06T04:42:57+00:00"},{"id":143,"license":1,"file_name":"vjzg3RJ4BxVPHHdlodWLAqor94WaVsbZoQ5zf5HHLFIq_jpg.rf.9178337a0df9f48c317a72e01f82cc6f.jpg","height":224,"width":224,"date_captured":"2023-02-06T04:42:57+00:00"},{"id":144,"license":1,"file_name":"rfhfyu_jpg.rf.8ece23585de1ff5a9f656e6ba9a20c15.jpg","height":224,"width":224,"date_captured":"2023-02-06T04:42:57+00:00"},{"id":145,"license":1,"file_name":"IMG_1254_JPG.rf.8906243dc4d0d59ec287cfd27eb74ffd.jpg","height":224,"width":224,"date_captured":"2023-02-06T04:42:57+00:00"},{"id":146,"license":1,"file_name":"ringworm-skin_jpg.rf.9466b2f5e0a8f7f3b574040d7a54e057.jpg","height":224,"width":224,"date_captured":"2023-02-06T04:42:57+00:00"},{"id":147,"license":1,"file_name":"IMG_1022_JPG.rf.9092d8ee4bd08528bc37c40fde7f51a5.jpg","height":224,"width":224,"date_captured":"2023-02-06T04:42:57+00:00"},{"id":148,"license":1,"file_name":"IMG_1291_JPG.rf.947e2117cff7aa2e40fd53d49fe900d9.jpg","height":224,"width":224,"date_captured":"2023-02-06T04:42:57+00:00"},{"id":149,"license":1,"file_name":"IMG_1350--9-_JPG.rf.952b03a7e59cab1919b97d9a9fef641a.jpg","height":224,"width":224,"date_captured":"2023-02-06T04:42:57+00:00"},{"id":150,"license":1,"file_name":"ringworm-in-2-placesa_jpg.rf.9e0f51e6bf77b70120c55f556a5df345.jpg","height":224,"width":224,"date_captured":"2023-02-06T04:42:57+00:00"},{"id":151,"license":1,"file_name":"ringworm-skinw_jpg.rf.966c02ce1fbb7b2649a86be9af873621.jpg","height":224,"width":224,"date_captured":"2023-02-06T04:42:57+00:00"},{"id":152,"license":1,"file_name":"IMG_10113_jpg.rf.9d30b5b22a1636a70576448ad1264801.jpg","height":224,"width":224,"date_captured":"2023-02-06T04:42:57+00:00"},{"id":153,"license":1,"file_name":"00c178a207df75148d0925bafa570632718a934f_jpg.rf.99439c9bd956d302d22c1eb541d13808.jpg","height":224,"width":224,"date_captured":"2023-02-06T04:42:57+00:00"},{"id":154,"license":1,"file_name":"IMG_10113_jpg.rf.9d3d352faa068e7076c5026f7d6fd32e.jpg","height":224,"width":224,"date_captured":"2023-02-06T04:42:57+00:00"},{"id":155,"license":1,"file_name":"spot3q_jpg.rf.8d0a89e89536220aa3e235b67b2cfeaa.jpg","height":224,"width":224,"date_captured":"2023-02-06T04:42:57+00:00"},{"id":156,"license":1,"file_name":"ringworm-skina_jpg.rf.9be7108a922c0a32e74cb70375cc7554.jpg","height":224,"width":224,"date_captured":"2023-02-06T04:42:57+00:00"},{"id":157,"license":1,"file_name":"spot3_jpg.rf.9df369ae4d56693a8c5c7164b5860b1c.jpg","height":224,"width":224,"date_captured":"2023-02-06T04:42:57+00:00"},{"id":158,"license":1,"file_name":"spot3q_jpg.rf.9a83b8791bdfb2f9f56a1d04be08e955.jpg","height":224,"width":224,"date_captured":"2023-02-06T04:42:57+00:00"},{"id":159,"license":1,"file_name":"IMG_1336_JPG.rf.9e22000f1fa689a412d375b83a4d1a50.jpg","height":224,"width":224,"date_captured":"2023-02-06T04:42:57+00:00"},{"id":160,"license":1,"file_name":"IMG_1022w_jpg.rf.a27f64eaf4fd328a16dd0f7146011e11.jpg","height":224,"width":224,"date_captured":"2023-02-06T04:42:57+00:00"},{"id":161,"license":1,"file_name":"IMG_1031a_jpg.rf.99d164e6eb62add0e5f619b72f7a6169.jpg","height":224,"width":224,"date_captured":"2023-02-06T04:42:57+00:00"},{"id":162,"license":1,"file_name":"IMG_0998_JPG.rf.9b1e310cc595a452502d1f669c318b82.jpg","height":224,"width":224,"date_captured":"2023-02-06T04:42:57+00:00"},{"id":163,"license":1,"file_name":"sick-dog-inflammation-itching-swelling-260nw-1099340411qw_jpg.rf.a34fe90069a1752ae3de6476ba2b9616.jpg","height":224,"width":224,"date_captured":"2023-02-06T04:42:57+00:00"},{"id":164,"license":1,"file_name":"rhumb-face_jpg.rf.99b23d1e4da2c53c0a34eb9ef6d79832.jpg","height":224,"width":224,"date_captured":"2023-02-06T04:42:57+00:00"},{"id":165,"license":1,"file_name":"IMG_1282_JPG.rf.9de86d3da38e4d6602edb4cda9df30b2.jpg","height":224,"width":224,"date_captured":"2023-02-06T04:42:57+00:00"},{"id":166,"license":1,"file_name":"IMG_1022q_jpg.rf.a3911a37f44fbc9e5802f4a1268cb366.jpg","height":224,"width":224,"date_captured":"2023-02-06T04:42:57+00:00"},{"id":167,"license":1,"file_name":"IMG_1319_JPG.rf.a38191bbb54a6d5c890954f6ea327512.jpg","height":224,"width":224,"date_captured":"2023-02-06T04:42:57+00:00"},{"id":168,"license":1,"file_name":"IMG_09934_jpg.rf.9dc09b42e0c16772f5447054c2a27801.jpg","height":224,"width":224,"date_captured":"2023-02-06T04:42:57+00:00"},{"id":169,"license":1,"file_name":"IMG_1024t_jpg.rf.a31bb5ed545738404f76c82ae88bb55c.jpg","height":224,"width":224,"date_captured":"2023-02-06T04:42:57+00:00"},{"id":170,"license":1,"file_name":"IMG_1350--9-_JPG.rf.a64a86a7e148ee9b874e9a696824bec4.jpg","height":224,"width":224,"date_captured":"2023-02-06T04:42:57+00:00"},{"id":171,"license":1,"file_name":"ringworm-in-2-places_jpg.rf.a59a18ad7941860d955fe97e25441aa9.jpg","height":224,"width":224,"date_captured":"2023-02-06T04:42:57+00:00"},{"id":172,"license":1,"file_name":"IMG_1337_JPG.rf.a37d2575810f800096f198f717be50b3.jpg","height":224,"width":224,"date_captured":"2023-02-06T04:42:57+00:00"},{"id":173,"license":1,"file_name":"IMG_099824_jpg.rf.a87da940505cc2e17d0c80d2dd546f78.jpg","height":224,"width":224,"date_captured":"2023-02-06T04:42:57+00:00"},{"id":174,"license":1,"file_name":"IMG_1009_JPG.rf.9f48aa3bbdea3eea260ce081d66cfa86.jpg","height":224,"width":224,"date_captured":"2023-02-06T04:42:57+00:00"},{"id":175,"license":1,"file_name":"IMG_09971325_jpg.rf.b156957e50f2f83b64004ff85b00ddd4.jpg","height":224,"width":224,"date_captured":"2023-02-06T04:42:57+00:00"},{"id":176,"license":1,"file_name":"IMG_1226_JPG.rf.a82ddcb7512cd27b664ef3ca1c1fc392.jpg","height":224,"width":224,"date_captured":"2023-02-06T04:42:57+00:00"},{"id":177,"license":1,"file_name":"7_jpg.rf.a8a638678c651fed1a1442a91d4ce474.jpg","height":224,"width":224,"date_captured":"2023-02-06T04:42:57+00:00"},{"id":178,"license":1,"file_name":"ringwormr_jpg.rf.a5f91cd231986e919901a20f96e399b6.jpg","height":224,"width":224,"date_captured":"2023-02-06T04:42:57+00:00"},{"id":179,"license":1,"file_name":"IMG_1354--13-_JPG.rf.b4b50d1f915b583d7a1dba22afe7f289.jpg","height":224,"width":224,"date_captured":"2023-02-06T04:42:57+00:00"},{"id":180,"license":1,"file_name":"IMG_1007e_jpg.rf.bb54971b18f0ef1cdd7e9053595586e6.jpg","height":224,"width":224,"date_captured":"2023-02-06T04:42:57+00:00"},{"id":181,"license":1,"file_name":"vjzg3RJ4BxVPHHdlodWLAqor94WaVsbZoQ5zf5HHLFIa_jpg.rf.b5a4f4d191d15b0ee9ba56f082a56035.jpg","height":224,"width":224,"date_captured":"2023-02-06T04:42:57+00:00"},{"id":182,"license":1,"file_name":"IMG_1005454_jpg.rf.a760be86f13c6c51bb4799bfe56944ee.jpg","height":224,"width":224,"date_captured":"2023-02-06T04:42:57+00:00"},{"id":183,"license":1,"file_name":"IMG_1329_JPG.rf.bbabc1fc018ace8a0ea010152d1ec9c7.jpg","height":224,"width":224,"date_captured":"2023-02-06T04:42:57+00:00"},{"id":184,"license":1,"file_name":"IMG_10113_jpg.rf.a3fbb93a4e895b0fa09367486667d750.jpg","height":224,"width":224,"date_captured":"2023-02-06T04:42:57+00:00"},{"id":185,"license":1,"file_name":"IMG_1321_JPG.rf.b34d31bb9487d5ff5df99341af17028a.jpg","height":224,"width":224,"date_captured":"2023-02-06T04:42:57+00:00"},{"id":186,"license":1,"file_name":"IMG_1223_JPG.rf.a6749d85f6c96e98bee59c81bc339fb8.jpg","height":224,"width":224,"date_captured":"2023-02-06T04:42:57+00:00"},{"id":187,"license":1,"file_name":"spot3a_jpg.rf.b2e6e275bee4f89cd58c9dee1dab6e53.jpg","height":224,"width":224,"date_captured":"2023-02-06T04:42:57+00:00"},{"id":188,"license":1,"file_name":"IMG_1354--13-_JPG.rf.bfa7e11caec682fac3b696cf88da0e0b.jpg","height":224,"width":224,"date_captured":"2023-02-06T04:42:57+00:00"},{"id":189,"license":1,"file_name":"IMG_1022w_jpg.rf.c0e4cef2b16178f8943f100cc59f04aa.jpg","height":224,"width":224,"date_captured":"2023-02-06T04:42:57+00:00"},{"id":190,"license":1,"file_name":"vjzg3RJ4BxVPHHdlodWLAqor94WaVsbZoQ5zf5HHLFIa_jpg.rf.c4af60c0131fff8df1616927dc5aabe4.jpg","height":224,"width":224,"date_captured":"2023-02-06T04:42:57+00:00"},{"id":191,"license":1,"file_name":"IMG_1322_JPG.rf.bda1e7d20dc9f5db994566770bb86178.jpg","height":224,"width":224,"date_captured":"2023-02-06T04:42:57+00:00"},{"id":192,"license":1,"file_name":"IMG_1285_JPG.rf.a97cc52738643662d1d2722665d7eb39.jpg","height":224,"width":224,"date_captured":"2023-02-06T04:42:57+00:00"},{"id":193,"license":1,"file_name":"7_jpg.rf.bba9b65601cae61bb2e33160b6b0c882.jpg","height":224,"width":224,"date_captured":"2023-02-06T04:42:57+00:00"},{"id":194,"license":1,"file_name":"ring-worm-lesion-dog-260nw-1777400165_jpg.rf.b4a4cc3aa399b0e1a04a68285f8d24fb.jpg","height":224,"width":224,"date_captured":"2023-02-06T04:42:57+00:00"},{"id":195,"license":1,"file_name":"jfkifj_jpg.rf.cffecde2b26acb45ac1f60be2aa1a103.jpg","height":224,"width":224,"date_captured":"2023-02-06T04:42:57+00:00"},{"id":196,"license":1,"file_name":"IMG_1285_JPG.rf.c32476753b053c83834527c137d42bcd.jpg","height":224,"width":224,"date_captured":"2023-02-06T04:42:57+00:00"},{"id":197,"license":1,"file_name":"IMG_1242_JPG.rf.c44d07288ac897ac27532ea214fa80ff.jpg","height":224,"width":224,"date_captured":"2023-02-06T04:42:57+00:00"},{"id":198,"license":1,"file_name":"IMG_1022_JPG.rf.d16bca4bb4ad6f5190c323e4c4ec6b83.jpg","height":224,"width":224,"date_captured":"2023-02-06T04:42:57+00:00"},{"id":199,"license":1,"file_name":"IMG_1010_JPG.rf.c5efa14a569738bccd2287e4dadf9c04.jpg","height":224,"width":224,"date_captured":"2023-02-06T04:42:57+00:00"},{"id":200,"license":1,"file_name":"rhumb-face_jpg.rf.c76b85c5fa9789018621e72072c3eb5b.jpg","height":224,"width":224,"date_captured":"2023-02-06T04:42:57+00:00"},{"id":201,"license":1,"file_name":"IMG_099734_jpg.rf.ce23c4b00414a6bc55e6bac9b5fd08e7.jpg","height":224,"width":224,"date_captured":"2023-02-06T04:42:57+00:00"},{"id":202,"license":1,"file_name":"IMG_1258_JPG.rf.d6e434e8284dfbdb29c1dcaa960839fa.jpg","height":224,"width":224,"date_captured":"2023-02-06T04:42:57+00:00"},{"id":203,"license":1,"file_name":"IMG_1336_JPG.rf.d11ec2ac17299f5e24c76646cf246b2a.jpg","height":224,"width":224,"date_captured":"2023-02-06T04:42:57+00:00"},{"id":204,"license":1,"file_name":"IMG_1322_JPG.rf.ba35c0b23037de668bd1922261f5690c.jpg","height":224,"width":224,"date_captured":"2023-02-06T04:42:57+00:00"},{"id":205,"license":1,"file_name":"IMG_1346_JPG.rf.dc823224e2ded572ad407b9ae4cc0d25.jpg","height":224,"width":224,"date_captured":"2023-02-06T04:42:57+00:00"},{"id":206,"license":1,"file_name":"IMG_1029_JPG.rf.cedb67f617834bc5fa83b02b74ad0d28.jpg","height":224,"width":224,"date_captured":"2023-02-06T04:42:57+00:00"},{"id":207,"license":1,"file_name":"IMG_099824_jpg.rf.c92eaa2f133f7dae94d8c4961645bfbe.jpg","height":224,"width":224,"date_captured":"2023-02-06T04:42:57+00:00"},{"id":208,"license":1,"file_name":"IMG_1024t_jpg.rf.d8ef69b1d43d7305341b96e4c2721ea6.jpg","height":224,"width":224,"date_captured":"2023-02-06T04:42:57+00:00"},{"id":209,"license":1,"file_name":"rhumb-facert_jpg.rf.d84107f2a078157b6376349c52625249.jpg","height":224,"width":224,"date_captured":"2023-02-06T04:42:57+00:00"},{"id":210,"license":1,"file_name":"IMG_099734_jpg.rf.c2d79adee05870e800a108785db723f8.jpg","height":224,"width":224,"date_captured":"2023-02-06T04:42:57+00:00"},{"id":211,"license":1,"file_name":"IMG_1315_JPG.rf.df188a6863fd45de165d7925f981facd.jpg","height":224,"width":224,"date_captured":"2023-02-06T04:42:57+00:00"},{"id":212,"license":1,"file_name":"IMG_1005454_jpg.rf.db10a686cad780cfdf30965d10b6d496.jpg","height":224,"width":224,"date_captured":"2023-02-06T04:42:57+00:00"},{"id":213,"license":1,"file_name":"IMG_1284_JPG.rf.b9a90135bdde9591206dc465abe893d7.jpg","height":224,"width":224,"date_captured":"2023-02-06T04:42:57+00:00"},{"id":214,"license":1,"file_name":"IMG_0998_JPG.rf.da47b1be581b7d4b69aaaecf155ea438.jpg","height":224,"width":224,"date_captured":"2023-02-06T04:42:57+00:00"},{"id":215,"license":1,"file_name":"IMG_1258_JPG.rf.db45e0dd29394fc0aa579988e79624fc.jpg","height":224,"width":224,"date_captured":"2023-02-06T04:42:57+00:00"},{"id":216,"license":1,"file_name":"rhumb-facert_jpg.rf.da38dc4bc48efe78282d2116f9c79f30.jpg","height":224,"width":224,"date_captured":"2023-02-06T04:42:57+00:00"},{"id":217,"license":1,"file_name":"IMG_1019_JPG.rf.dc699f45b9f5fcb244c1cfc5c146ac12.jpg","height":224,"width":224,"date_captured":"2023-02-06T04:42:57+00:00"},{"id":218,"license":1,"file_name":"vjzg3RJ4BxVPHHdlodWLAqor94WaVsbZoQ5zf5HHLFIq_jpg.rf.d8a17540ddbdaa5af882073611520e0f.jpg","height":224,"width":224,"date_captured":"2023-02-06T04:42:57+00:00"}],"annotations":[{"id":0,"image_id":0,"category_id":1,"bbox":[5,0,218,208],"area":45344,"segmentation":[],"iscrowd":0},{"id":1,"image_id":1,"category_id":1,"bbox":[40,40,110.652,150.197],"area":16619.521,"segmentation":[],"iscrowd":0},{"id":2,"image_id":2,"category_id":1,"bbox":[42,72,115,132.37],"area":15222.497,"segmentation":[],"iscrowd":0},{"id":3,"image_id":3,"category_id":1,"bbox":[34,0,172.469,194.684],"area":33576.847,"segmentation":[],"iscrowd":0},{"id":4,"image_id":4,"category_id":1,"bbox":[0,0,187,222],"area":41514,"segmentation":[],"iscrowd":0},{"id":5,"image_id":5,"category_id":1,"bbox":[50,112,107.944,85.593],"area":9239.277,"segmentation":[],"iscrowd":0},{"id":6,"image_id":6,"category_id":1,"bbox":[62,20,152.943,188.044],"area":28760.029,"segmentation":[],"iscrowd":0},{"id":7,"image_id":7,"category_id":1,"bbox":[0,3,166.734,218.144],"area":36372.129,"segmentation":[],"iscrowd":0},{"id":8,"image_id":8,"category_id":1,"bbox":[4,0,217.403,219.333],"area":47683.775,"segmentation":[],"iscrowd":0},{"id":9,"image_id":9,"category_id":1,"bbox":[26,30,149.571,137.583],"area":20578.461,"segmentation":[],"iscrowd":0},{"id":10,"image_id":10,"category_id":1,"bbox":[0,0,222.161,209.11],"area":46456.161,"segmentation":[],"iscrowd":0},{"id":11,"image_id":12,"category_id":1,"bbox":[49,15,174,208],"area":36192,"segmentation":[],"iscrowd":0},{"id":12,"image_id":13,"category_id":1,"bbox":[65,3,158,220],"area":34760,"segmentation":[],"iscrowd":0},{"id":13,"image_id":14,"category_id":1,"bbox":[7,8,174.01,204.387],"area":35565.394,"segmentation":[],"iscrowd":0},{"id":14,"image_id":15,"category_id":1,"bbox":[6,3,216.542,192.998],"area":41792.211,"segmentation":[],"iscrowd":0},{"id":15,"image_id":16,"category_id":1,"bbox":[40,0,139.181,205.112],"area":28547.751,"segmentation":[],"iscrowd":0},{"id":16,"image_id":17,"category_id":1,"bbox":[26,19,158.285,148.677],"area":23533.216,"segmentation":[],"iscrowd":0},{"id":17,"image_id":18,"category_id":1,"bbox":[0,27,209,196],"area":40964,"segmentation":[],"iscrowd":0},{"id":18,"image_id":19,"category_id":1,"bbox":[15,5,198.146,205.027],"area":40625.33,"segmentation":[],"iscrowd":0},{"id":19,"image_id":20,"category_id":1,"bbox":[13,35,197.862,172.56],"area":34143.076,"segmentation":[],"iscrowd":0},{"id":20,"image_id":21,"category_id":1,"bbox":[0,0,223,223],"area":49729,"segmentation":[],"iscrowd":0},{"id":21,"image_id":22,"category_id":1,"bbox":[1,4,190.979,219.15],"area":41853.105,"segmentation":[],"iscrowd":0},{"id":22,"image_id":24,"category_id":1,"bbox":[0,0,223,220],"area":49060,"segmentation":[],"iscrowd":0},{"id":23,"image_id":25,"category_id":1,"bbox":[63,28,160,193],"area":30880,"segmentation":[],"iscrowd":0},{"id":24,"image_id":26,"category_id":1,"bbox":[2,67,137.321,127.267],"area":17476.427,"segmentation":[],"iscrowd":0},{"id":25,"image_id":28,"category_id":1,"bbox":[10,31,198.036,179.562],"area":35559.786,"segmentation":[],"iscrowd":0},{"id":26,"image_id":29,"category_id":1,"bbox":[0,16,223,208],"area":46384,"segmentation":[],"iscrowd":0},{"id":27,"image_id":30,"category_id":1,"bbox":[0,0,222.709,216],"area":48105.097,"segmentation":[],"iscrowd":0},{"id":28,"image_id":31,"category_id":1,"bbox":[27,0,177.988,219.5],"area":39068.506,"segmentation":[],"iscrowd":0},{"id":29,"image_id":32,"category_id":1,"bbox":[0,8,198,215],"area":42570,"segmentation":[],"iscrowd":0},{"id":30,"image_id":33,"category_id":1,"bbox":[18,3,175.592,170.825],"area":29995.429,"segmentation":[],"iscrowd":0},{"id":31,"image_id":35,"category_id":1,"bbox":[0,0,224,223],"area":49952,"segmentation":[],"iscrowd":0},{"id":32,"image_id":36,"category_id":1,"bbox":[13,33,210,190],"area":39900,"segmentation":[],"iscrowd":0},{"id":33,"image_id":37,"category_id":1,"bbox":[53,27,152.857,177.387],"area":27114.836,"segmentation":[],"iscrowd":0},{"id":34,"image_id":38,"category_id":1,"bbox":[70,0,144.801,217.716],"area":31525.548,"segmentation":[],"iscrowd":0},{"id":35,"image_id":39,"category_id":1,"bbox":[22,0,181.489,222.022],"area":40294.51,"segmentation":[],"iscrowd":0},{"id":36,"image_id":40,"category_id":1,"bbox":[0,0,224,223],"area":49952,"segmentation":[],"iscrowd":0},{"id":37,"image_id":41,"category_id":1,"bbox":[41,29,134.261,159],"area":21347.451,"segmentation":[],"iscrowd":0},{"id":38,"image_id":42,"category_id":1,"bbox":[0,6,138.895,217.533],"area":30214.276,"segmentation":[],"iscrowd":0},{"id":39,"image_id":43,"category_id":1,"bbox":[52,113,93.653,73.677],"area":6900.032,"segmentation":[],"iscrowd":0},{"id":40,"image_id":44,"category_id":1,"bbox":[32,0,124.827,152.388],"area":19022.09,"segmentation":[],"iscrowd":0},{"id":41,"image_id":45,"category_id":1,"bbox":[16,26,208.141,192.394],"area":40045.056,"segmentation":[],"iscrowd":0},{"id":42,"image_id":46,"category_id":1,"bbox":[21,21,170.706,167.73],"area":28632.487,"segmentation":[],"iscrowd":0},{"id":43,"image_id":47,"category_id":1,"bbox":[9,10,214.014,174.385],"area":37320.939,"segmentation":[],"iscrowd":0},{"id":44,"image_id":48,"category_id":1,"bbox":[0,0,223,222.93],"area":49713.431,"segmentation":[],"iscrowd":0},{"id":45,"image_id":49,"category_id":1,"bbox":[20,1,203,222],"area":45066,"segmentation":[],"iscrowd":0},{"id":46,"image_id":50,"category_id":1,"bbox":[27,0,164.921,215.439],"area":35530.32,"segmentation":[],"iscrowd":0},{"id":47,"image_id":51,"category_id":1,"bbox":[1,26,202.902,183.928],"area":37319.24,"segmentation":[],"iscrowd":0},{"id":48,"image_id":52,"category_id":1,"bbox":[0,0,223,224],"area":49952,"segmentation":[],"iscrowd":0},{"id":49,"image_id":53,"category_id":1,"bbox":[57,0,166.489,220.066],"area":36638.443,"segmentation":[],"iscrowd":0},{"id":50,"image_id":54,"category_id":1,"bbox":[32,13,172.44,146.398],"area":25244.901,"segmentation":[],"iscrowd":0},{"id":51,"image_id":55,"category_id":1,"bbox":[0,0,223,223],"area":49729,"segmentation":[],"iscrowd":0},{"id":52,"image_id":57,"category_id":1,"bbox":[18,45,205.352,148.702],"area":30536.117,"segmentation":[],"iscrowd":0},{"id":53,"image_id":58,"category_id":1,"bbox":[15,0,175,222.214],"area":38887.43,"segmentation":[],"iscrowd":0},{"id":54,"image_id":59,"category_id":1,"bbox":[0,6,223,217],"area":48391,"segmentation":[],"iscrowd":0},{"id":55,"image_id":60,"category_id":1,"bbox":[11,12,198.171,187.112],"area":37080.174,"segmentation":[],"iscrowd":0},{"id":56,"image_id":61,"category_id":1,"bbox":[0,0,172.869,199.591],"area":34502.997,"segmentation":[],"iscrowd":0},{"id":57,"image_id":62,"category_id":1,"bbox":[48,0,175.181,175.429],"area":30731.782,"segmentation":[],"iscrowd":0},{"id":58,"image_id":63,"category_id":1,"bbox":[0,24,208.941,197.901],"area":41349.673,"segmentation":[],"iscrowd":0},{"id":59,"image_id":64,"category_id":1,"bbox":[35,1,188,199],"area":37412,"segmentation":[],"iscrowd":0},{"id":60,"image_id":65,"category_id":1,"bbox":[18,19,121.779,138.972],"area":16923.972,"segmentation":[],"iscrowd":0},{"id":61,"image_id":66,"category_id":1,"bbox":[16,3,207,202],"area":41814,"segmentation":[],"iscrowd":0},{"id":62,"image_id":67,"category_id":1,"bbox":[41,13,182,209],"area":38038,"segmentation":[],"iscrowd":0},{"id":63,"image_id":68,"category_id":1,"bbox":[39,36,152.365,150.861],"area":22985.875,"segmentation":[],"iscrowd":0},{"id":64,"image_id":69,"category_id":1,"bbox":[27,0,155.298,214.461],"area":33305.534,"segmentation":[],"iscrowd":0},{"id":65,"image_id":70,"category_id":1,"bbox":[3,49,220,175],"area":38500,"segmentation":[],"iscrowd":0},{"id":66,"image_id":71,"category_id":1,"bbox":[53,48,170,151],"area":25670,"segmentation":[],"iscrowd":0},{"id":67,"image_id":72,"category_id":1,"bbox":[40,22,180.047,192.517],"area":34662.13,"segmentation":[],"iscrowd":0},{"id":68,"image_id":73,"category_id":1,"bbox":[31,16,172.112,129.387],"area":22269.027,"segmentation":[],"iscrowd":0},{"id":69,"image_id":74,"category_id":1,"bbox":[1,21,211.499,171.691],"area":36312.462,"segmentation":[],"iscrowd":0},{"id":70,"image_id":75,"category_id":1,"bbox":[0,0,223,215],"area":47945,"segmentation":[],"iscrowd":0},{"id":71,"image_id":76,"category_id":1,"bbox":[76,0,147,222],"area":32634,"segmentation":[],"iscrowd":0},{"id":72,"image_id":77,"category_id":1,"bbox":[22,20,171.599,181.931],"area":31219.154,"segmentation":[],"iscrowd":0},{"id":73,"image_id":78,"category_id":1,"bbox":[0,6,220.444,212.537],"area":46852.34,"segmentation":[],"iscrowd":0},{"id":74,"image_id":79,"category_id":1,"bbox":[10,25,187.958,175.12],"area":32915.184,"segmentation":[],"iscrowd":0},{"id":75,"image_id":80,"category_id":1,"bbox":[0,22,162.717,201.677],"area":32816.329,"segmentation":[],"iscrowd":0},{"id":76,"image_id":81,"category_id":1,"bbox":[60,26,128.014,174.77],"area":22373,"segmentation":[],"iscrowd":0},{"id":77,"image_id":82,"category_id":1,"bbox":[0,0,223,223],"area":49729,"segmentation":[],"iscrowd":0},{"id":78,"image_id":83,"category_id":1,"bbox":[0,0,224,223],"area":49952,"segmentation":[],"iscrowd":0},{"id":79,"image_id":84,"category_id":1,"bbox":[2,0,221,223],"area":49283,"segmentation":[],"iscrowd":0},{"id":80,"image_id":85,"category_id":1,"bbox":[0,0,224,223],"area":49952,"segmentation":[],"iscrowd":0},{"id":81,"image_id":86,"category_id":1,"bbox":[37,30,183.979,166.067],"area":30552.676,"segmentation":[],"iscrowd":0},{"id":82,"image_id":87,"category_id":1,"bbox":[5,78,212,145],"area":30740,"segmentation":[],"iscrowd":0},{"id":83,"image_id":88,"category_id":1,"bbox":[25,9,168.111,205.611],"area":34565.447,"segmentation":[],"iscrowd":0},{"id":84,"image_id":89,"category_id":1,"bbox":[10,5,200.063,187.636],"area":37538.945,"segmentation":[],"iscrowd":0},{"id":85,"image_id":90,"category_id":1,"bbox":[0,9,184.895,200.383],"area":37049.861,"segmentation":[],"iscrowd":0},{"id":86,"image_id":91,"category_id":1,"bbox":[0,0,210.477,209.486],"area":44092.004,"segmentation":[],"iscrowd":0},{"id":87,"image_id":92,"category_id":1,"bbox":[37,35,171.359,168.51],"area":28875.631,"segmentation":[],"iscrowd":0},{"id":88,"image_id":93,"category_id":1,"bbox":[0,15,201.575,200.652],"area":40446.539,"segmentation":[],"iscrowd":0},{"id":89,"image_id":94,"category_id":1,"bbox":[26,34,143.688,161.389],"area":23189.747,"segmentation":[],"iscrowd":0},{"id":90,"image_id":95,"category_id":1,"bbox":[5,0,195.892,222.68],"area":43621.256,"segmentation":[],"iscrowd":0},{"id":91,"image_id":96,"category_id":1,"bbox":[7,0,216,218],"area":47088,"segmentation":[],"iscrowd":0},{"id":92,"image_id":97,"category_id":1,"bbox":[2,37,212.552,166.362],"area":35360.586,"segmentation":[],"iscrowd":0},{"id":93,"image_id":98,"category_id":1,"bbox":[12,0,211,223],"area":47053,"segmentation":[],"iscrowd":0},{"id":94,"image_id":99,"category_id":1,"bbox":[27,11,158.329,209.687],"area":33199.621,"segmentation":[],"iscrowd":0},{"id":95,"image_id":100,"category_id":1,"bbox":[0,9,161.857,169],"area":27353.819,"segmentation":[],"iscrowd":0},{"id":96,"image_id":101,"category_id":1,"bbox":[0,0,223,223],"area":49729,"segmentation":[],"iscrowd":0},{"id":97,"image_id":102,"category_id":1,"bbox":[13,43,210,175],"area":36750,"segmentation":[],"iscrowd":0},{"id":98,"image_id":103,"category_id":1,"bbox":[4,28,165.317,162.804],"area":26914.258,"segmentation":[],"iscrowd":0},{"id":99,"image_id":104,"category_id":1,"bbox":[19,0,202.162,219.814],"area":44438.203,"segmentation":[],"iscrowd":0},{"id":100,"image_id":105,"category_id":1,"bbox":[0,7,223,216],"area":48168,"segmentation":[],"iscrowd":0},{"id":101,"image_id":106,"category_id":1,"bbox":[0,0,206,223.965],"area":46136.768,"segmentation":[],"iscrowd":0},{"id":102,"image_id":107,"category_id":1,"bbox":[17,76,175.63,144.714],"area":25416.053,"segmentation":[],"iscrowd":0},{"id":103,"image_id":108,"category_id":1,"bbox":[0,2,222.476,211.578],"area":47070.968,"segmentation":[],"iscrowd":0},{"id":104,"image_id":109,"category_id":1,"bbox":[78,23,145,200],"area":29000,"segmentation":[],"iscrowd":0},{"id":105,"image_id":110,"category_id":1,"bbox":[58,11,165,198],"area":32670,"segmentation":[],"iscrowd":0},{"id":106,"image_id":111,"category_id":1,"bbox":[25,16,170.213,181.966],"area":30972.905,"segmentation":[],"iscrowd":0},{"id":107,"image_id":112,"category_id":1,"bbox":[0,0,224,223],"area":49952,"segmentation":[],"iscrowd":0},{"id":108,"image_id":113,"category_id":1,"bbox":[0,0,223,223],"area":49729,"segmentation":[],"iscrowd":0},{"id":109,"image_id":114,"category_id":1,"bbox":[0,23,208,200],"area":41600,"segmentation":[],"iscrowd":0},{"id":110,"image_id":115,"category_id":1,"bbox":[0,59,219.879,163.717],"area":35998.108,"segmentation":[],"iscrowd":0},{"id":111,"image_id":116,"category_id":1,"bbox":[21,28,202,195],"area":39390,"segmentation":[],"iscrowd":0},{"id":112,"image_id":117,"category_id":1,"bbox":[0,63,216.701,158.964],"area":34447.696,"segmentation":[],"iscrowd":0},{"id":113,"image_id":118,"category_id":1,"bbox":[5,49,218,174],"area":37932,"segmentation":[],"iscrowd":0},{"id":114,"image_id":119,"category_id":1,"bbox":[27,31,148.461,123.444],"area":18326.594,"segmentation":[],"iscrowd":0},{"id":115,"image_id":121,"category_id":1,"bbox":[15,0,197.516,207.688],"area":41021.658,"segmentation":[],"iscrowd":0},{"id":116,"image_id":122,"category_id":1,"bbox":[0,20,124.75,196.182],"area":24473.765,"segmentation":[],"iscrowd":0},{"id":117,"image_id":123,"category_id":1,"bbox":[0,0,158.918,212],"area":33690.695,"segmentation":[],"iscrowd":0},{"id":118,"image_id":124,"category_id":1,"bbox":[12,0,210.615,208.721],"area":43959.648,"segmentation":[],"iscrowd":0},{"id":119,"image_id":125,"category_id":1,"bbox":[34,0,189,220],"area":41580,"segmentation":[],"iscrowd":0},{"id":120,"image_id":126,"category_id":1,"bbox":[0,0,213,223],"area":47499,"segmentation":[],"iscrowd":0},{"id":121,"image_id":127,"category_id":1,"bbox":[18,21,189.534,201],"area":38096.327,"segmentation":[],"iscrowd":0},{"id":122,"image_id":128,"category_id":1,"bbox":[40,0,183,221],"area":40443,"segmentation":[],"iscrowd":0},{"id":123,"image_id":129,"category_id":1,"bbox":[20,14,187.094,197.086],"area":36873.719,"segmentation":[],"iscrowd":0},{"id":124,"image_id":130,"category_id":1,"bbox":[0,0,224,223],"area":49952,"segmentation":[],"iscrowd":0},{"id":125,"image_id":131,"category_id":1,"bbox":[70,1,152.938,184.606],"area":28233.267,"segmentation":[],"iscrowd":0},{"id":126,"image_id":132,"category_id":1,"bbox":[10,23,163.937,176.438],"area":28924.635,"segmentation":[],"iscrowd":0},{"id":127,"image_id":133,"category_id":1,"bbox":[29,0,193.934,211.802],"area":41075.722,"segmentation":[],"iscrowd":0},{"id":128,"image_id":134,"category_id":1,"bbox":[0,0,200.121,188.496],"area":37722.056,"segmentation":[],"iscrowd":0},{"id":129,"image_id":135,"category_id":1,"bbox":[15,0,208,222],"area":46176,"segmentation":[],"iscrowd":0},{"id":130,"image_id":136,"category_id":1,"bbox":[17,29,160.622,162.804],"area":26149.878,"segmentation":[],"iscrowd":0},{"id":131,"image_id":137,"category_id":1,"bbox":[0,0,166,223],"area":37018,"segmentation":[],"iscrowd":0},{"id":132,"image_id":139,"category_id":1,"bbox":[57,22,103.362,201],"area":20775.707,"segmentation":[],"iscrowd":0},{"id":133,"image_id":140,"category_id":1,"bbox":[0,0,192.578,208.299],"area":40113.866,"segmentation":[],"iscrowd":0},{"id":134,"image_id":141,"category_id":1,"bbox":[35,0,185,223],"area":41255,"segmentation":[],"iscrowd":0},{"id":135,"image_id":142,"category_id":1,"bbox":[15,89,179,134],"area":23986,"segmentation":[],"iscrowd":0},{"id":136,"image_id":143,"category_id":1,"bbox":[5,21,172.989,132.579],"area":22934.689,"segmentation":[],"iscrowd":0},{"id":137,"image_id":144,"category_id":1,"bbox":[45,80,128.775,130.385],"area":16790.293,"segmentation":[],"iscrowd":0},{"id":138,"image_id":145,"category_id":1,"bbox":[0,0,216.468,216.366],"area":46836.346,"segmentation":[],"iscrowd":0},{"id":139,"image_id":146,"category_id":1,"bbox":[37,7,186,195],"area":36270,"segmentation":[],"iscrowd":0},{"id":140,"image_id":147,"category_id":1,"bbox":[51,6,172,212],"area":36464,"segmentation":[],"iscrowd":0},{"id":141,"image_id":148,"category_id":1,"bbox":[45,24,178.435,169.871],"area":30311.058,"segmentation":[],"iscrowd":0},{"id":142,"image_id":149,"category_id":1,"bbox":[30,25,147.715,145.72],"area":21525.044,"segmentation":[],"iscrowd":0},{"id":143,"image_id":150,"category_id":1,"bbox":[35,44,162.181,122.378],"area":19847.407,"segmentation":[],"iscrowd":0},{"id":144,"image_id":151,"category_id":1,"bbox":[12,0,189,223],"area":42147,"segmentation":[],"iscrowd":0},{"id":145,"image_id":152,"category_id":1,"bbox":[28,24,193.336,176],"area":34027.221,"segmentation":[],"iscrowd":0},{"id":146,"image_id":153,"category_id":1,"bbox":[3,75,215,148],"area":31820,"segmentation":[],"iscrowd":0},{"id":147,"image_id":154,"category_id":1,"bbox":[5,6,218,217],"area":47306,"segmentation":[],"iscrowd":0},{"id":148,"image_id":155,"category_id":1,"bbox":[34,16,170.216,135.685],"area":23095.703,"segmentation":[],"iscrowd":0},{"id":149,"image_id":156,"category_id":1,"bbox":[27,9,194.368,202.538],"area":39366.948,"segmentation":[],"iscrowd":0},{"id":150,"image_id":157,"category_id":1,"bbox":[17,23,147.495,187.641],"area":27676.112,"segmentation":[],"iscrowd":0},{"id":151,"image_id":158,"category_id":1,"bbox":[34,16,189,167],"area":31563,"segmentation":[],"iscrowd":0},{"id":152,"image_id":159,"category_id":1,"bbox":[0,17,223,206],"area":45938,"segmentation":[],"iscrowd":0},{"id":153,"image_id":160,"category_id":1,"bbox":[2,33,218,190],"area":41420,"segmentation":[],"iscrowd":0},{"id":154,"image_id":161,"category_id":1,"bbox":[0,0,223,223],"area":49729,"segmentation":[],"iscrowd":0},{"id":155,"image_id":162,"category_id":1,"bbox":[69,73,113.189,139.56],"area":15796.648,"segmentation":[],"iscrowd":0},{"id":156,"image_id":163,"category_id":1,"bbox":[0,0,200,208],"area":41600,"segmentation":[],"iscrowd":0},{"id":157,"image_id":164,"category_id":1,"bbox":[11,26,212,196],"area":41552,"segmentation":[],"iscrowd":0},{"id":158,"image_id":165,"category_id":1,"bbox":[0,0,222.231,212],"area":47112.973,"segmentation":[],"iscrowd":0},{"id":159,"image_id":166,"category_id":1,"bbox":[3,39,170.488,182.568],"area":31125.699,"segmentation":[],"iscrowd":0},{"id":160,"image_id":167,"category_id":1,"bbox":[52,0,171.433,222.196],"area":38091.717,"segmentation":[],"iscrowd":0},{"id":161,"image_id":168,"category_id":1,"bbox":[12,14,211,188],"area":39668,"segmentation":[],"iscrowd":0},{"id":162,"image_id":169,"category_id":1,"bbox":[23,2,200.362,214.356],"area":42948.742,"segmentation":[],"iscrowd":0},{"id":163,"image_id":170,"category_id":1,"bbox":[52,25,140.854,150.898],"area":21254.649,"segmentation":[],"iscrowd":0},{"id":164,"image_id":171,"category_id":1,"bbox":[77,17,146,176],"area":25696,"segmentation":[],"iscrowd":0},{"id":165,"image_id":172,"category_id":1,"bbox":[27,35,150,188],"area":28200,"segmentation":[],"iscrowd":0},{"id":166,"image_id":173,"category_id":1,"bbox":[22,56,201,134],"area":26934,"segmentation":[],"iscrowd":0},{"id":167,"image_id":174,"category_id":1,"bbox":[21,0,202,220],"area":44440,"segmentation":[],"iscrowd":0},{"id":168,"image_id":175,"category_id":1,"bbox":[30,0,175.419,131.574],"area":23080.599,"segmentation":[],"iscrowd":0},{"id":169,"image_id":176,"category_id":1,"bbox":[0,0,213,223],"area":47499,"segmentation":[],"iscrowd":0},{"id":170,"image_id":177,"category_id":1,"bbox":[8,0,210.596,216.534],"area":45601.15,"segmentation":[],"iscrowd":0},{"id":171,"image_id":178,"category_id":1,"bbox":[107,28,94.057,109.125],"area":10264.043,"segmentation":[],"iscrowd":0},{"id":172,"image_id":179,"category_id":1,"bbox":[0,0,173,194],"area":33562,"segmentation":[],"iscrowd":0},{"id":173,"image_id":181,"category_id":1,"bbox":[56,42,136.652,153.513],"area":20977.841,"segmentation":[],"iscrowd":0},{"id":174,"image_id":182,"category_id":1,"bbox":[24,17,163.055,187.124],"area":30511.448,"segmentation":[],"iscrowd":0},{"id":175,"image_id":183,"category_id":1,"bbox":[1,40,202.932,181.231],"area":36777.468,"segmentation":[],"iscrowd":0},{"id":176,"image_id":184,"category_id":1,"bbox":[7,21,193.416,191.748],"area":37087.088,"segmentation":[],"iscrowd":0},{"id":177,"image_id":185,"category_id":1,"bbox":[2,0,221.19,222.959],"area":49316.447,"segmentation":[],"iscrowd":0},{"id":178,"image_id":186,"category_id":1,"bbox":[1,0,221,193.977],"area":42868.856,"segmentation":[],"iscrowd":0},{"id":179,"image_id":187,"category_id":1,"bbox":[39,27,162.208,179],"area":29035.298,"segmentation":[],"iscrowd":0},{"id":180,"image_id":188,"category_id":1,"bbox":[68,37,151,184.515],"area":27861.699,"segmentation":[],"iscrowd":0},{"id":181,"image_id":189,"category_id":1,"bbox":[0,8,194.056,171.354],"area":33252.241,"segmentation":[],"iscrowd":0},{"id":182,"image_id":190,"category_id":1,"bbox":[35,38,125.889,142.816],"area":17978.989,"segmentation":[],"iscrowd":0},{"id":183,"image_id":191,"category_id":1,"bbox":[79,6,136.484,156.139],"area":21310.453,"segmentation":[],"iscrowd":0},{"id":184,"image_id":192,"category_id":1,"bbox":[21,0,181.648,216.032],"area":39241.72,"segmentation":[],"iscrowd":0},{"id":185,"image_id":193,"category_id":1,"bbox":[2,3,221,220],"area":48620,"segmentation":[],"iscrowd":0},{"id":186,"image_id":194,"category_id":1,"bbox":[54,58,159.381,143.94],"area":22941.302,"segmentation":[],"iscrowd":0},{"id":187,"image_id":195,"category_id":1,"bbox":[0,0,223,221],"area":49283,"segmentation":[],"iscrowd":0},{"id":188,"image_id":196,"category_id":1,"bbox":[5,6,197.522,217.153],"area":42892.5,"segmentation":[],"iscrowd":0},{"id":189,"image_id":197,"category_id":1,"bbox":[0,3,188.115,217.164],"area":40851.951,"segmentation":[],"iscrowd":0},{"id":190,"image_id":198,"category_id":1,"bbox":[11,5,188.919,162.376],"area":30675.899,"segmentation":[],"iscrowd":0},{"id":191,"image_id":199,"category_id":1,"bbox":[16,7,198.616,199.74],"area":39671.447,"segmentation":[],"iscrowd":0},{"id":192,"image_id":200,"category_id":1,"bbox":[0,8,216.562,210.824],"area":45656.562,"segmentation":[],"iscrowd":0},{"id":193,"image_id":201,"category_id":1,"bbox":[11,56,188.445,157.587],"area":29696.495,"segmentation":[],"iscrowd":0},{"id":194,"image_id":202,"category_id":1,"bbox":[2,0,209.097,218.388],"area":45664.249,"segmentation":[],"iscrowd":0},{"id":195,"image_id":203,"category_id":1,"bbox":[11,0,212,194],"area":41128,"segmentation":[],"iscrowd":0},{"id":196,"image_id":204,"category_id":1,"bbox":[17,30,149.626,131.423],"area":19664.339,"segmentation":[],"iscrowd":0},{"id":197,"image_id":205,"category_id":1,"bbox":[0,20,222.069,192.687],"area":42789.775,"segmentation":[],"iscrowd":0},{"id":198,"image_id":207,"category_id":1,"bbox":[68,23,110,200],"area":22000,"segmentation":[],"iscrowd":0},{"id":199,"image_id":208,"category_id":1,"bbox":[22,8,200.269,212.356],"area":42528.238,"segmentation":[],"iscrowd":0},{"id":200,"image_id":209,"category_id":1,"bbox":[26,0,197,202],"area":39794,"segmentation":[],"iscrowd":0},{"id":201,"image_id":210,"category_id":1,"bbox":[21,49,151,174],"area":26274,"segmentation":[],"iscrowd":0},{"id":202,"image_id":211,"category_id":1,"bbox":[7,36,215.612,160.796],"area":34669.618,"segmentation":[],"iscrowd":0},{"id":203,"image_id":212,"category_id":1,"bbox":[36,14,174.343,177],"area":30858.654,"segmentation":[],"iscrowd":0},{"id":204,"image_id":213,"category_id":1,"bbox":[0,0,210,223],"area":46830,"segmentation":[],"iscrowd":0},{"id":205,"image_id":214,"category_id":1,"bbox":[32,0,119.832,152.2],"area":18238.466,"segmentation":[],"iscrowd":0},{"id":206,"image_id":215,"category_id":1,"bbox":[4,16,218.892,193.052],"area":42257.484,"segmentation":[],"iscrowd":0},{"id":207,"image_id":216,"category_id":1,"bbox":[0,8,196.206,208.791],"area":40966.198,"segmentation":[],"iscrowd":0},{"id":208,"image_id":217,"category_id":1,"bbox":[0,0,199.594,223],"area":44509.39,"segmentation":[],"iscrowd":0},{"id":209,"image_id":218,"category_id":1,"bbox":[46,41,162.28,117.499],"area":19067.684,"segmentation":[],"iscrowd":0}]}